﻿<?xml version="1.0"?>
<doc>
<assembly>
<name>
KTWE_PROC
</name>
</assembly>
<members>
<member name="T:KTWE_PROC.My.Resources.Resources">
<summary>
  Класс ресурса со строгой типизацией для поиска локализованных строк и т.д.
</summary>
</member>
<member name="P:KTWE_PROC.My.Resources.Resources.ResourceManager">
<summary>
  Возвращает кэшированный экземпляр ResourceManager, использованный этим классом.
</summary>
</member>
<member name="P:KTWE_PROC.My.Resources.Resources.Culture">
<summary>
  Перезаписывает свойство CurrentUICulture текущего потока для всех
  обращений к ресурсу с помощью этого класса ресурса со строгой типизацией.
</summary>
</member>
</members>
</doc>
